product,price,brand
"Teléfono Celular Redmi Note 13 Pro, 256GB",119900.0,Xiaomi
"Teléfono Celular Redmi 14C, 256GB + Gratis Gift Card ¢5,000",79900.0,Xiaomi
"Teléfono Celular Redmi A3, 128GB",54900.0,Xiaomi
"Teléfono Celular Redmi Note 14 Pro, 256GB + Gratis Gift Card ¢10,000",159900.0,Xiaomi
"Teléfono Celular Redmi Note 14 Pro+ 5G, 256GB + Gratis Redmi Watch 5 Lite + Gratis Gift Card ¢20,000",249900.0,Xiaomi
"Teléfono Celular Galaxy A15, 4GB/128GB",74900.0,Samsung
"Teléfono Celular Galaxy A05, 64GB",59200.0,Samsung
"Teléfono Celular Galaxy S24 Ultra, 256GB",594600.0,Samsung
"Teléfono Celular Redmi Note 14, 256GB + Gratis Gift Card ¢10,000",129900.0,Xiaomi
"Teléfono Celular iPhone 15, 128GB",463400.0,Apple
"Teléfono Celular X7b, 256GB + Gratis Gift Card ¢5,000",99900.0,Honor
"Teléfono Celular X8b, 256GB + Gratis Gift Card ¢20,000",109900.0,Honor
"Teléfono Celular iPhone 11, 64GB",195900.0,Apple
"Teléfono Celular X6b, 256 GB",79900.0,Honor
"Teléfono Celular iPhone 13, 128GB",323500.0,Apple
"Teléfono Celular iPhone 16 Pro Max, 256GB",842400.0,Apple
"Teléfono Celular iPhone 16, 128GB",538000.0,Apple
"Teléfono Celular Galaxy A06, 64GB",61900.0,Samsung
"Teléfono Celular 14T Pro, 512GB + Gratis Gift Card ¢20,000",399900.0,Xiaomi
"Teléfono Celular Redmi Note 14 Pro 5G, 256GB + Gratis Audífonos Redmi Buds 6 + Gratis Gift Card ¢10,000",199900.0,Xiaomi
"Teléfono Celular Galaxy A05, 128GB",65200.0,Samsung
"Teléfono Celular 14T, 512GB + Gratis Gift Card ¢20,000",299900.0,Xiaomi
"Teléfono Celular iPhone 16 Pro, 128GB",692300.0,Apple
"Teléfono Celular Redmi Note 13 Pro+, 512GB + Gratis Gift Card ¢5,000",199900.0,Xiaomi
"Teléfono Celular Magic 7 Lite NFC, 256GB",244100.0,Honor
"Teléfono Celular Moto E14, 64GB",46900.0,Motorola
"Teléfono Celular Moto G24 Power, 256GB + Gratis Gift Card ¢5,000",79900.0,Motorola
"Teléfono Celular Galaxy A16, 256GB",127900.0,Samsung
"Teléfono Celular Moto G75, 256GB",136200.0,Motorola
"Teléfono Celular Moto G85, 256GB + Audífonos TWS Moto Buds + Cargador 33W + Gratis Gift Card ¢10,000",159900.0,Motorola
"Teléfono Celular Redmi Note 14 Pro+ 5G, 256GB + Gratis Gift Card ¢20,000",249900.0,Xiaomi
"Teléfono Celular Galaxy S25 Ultra, 512GB + Gratis Estuche",859900.0,Samsung
"Teléfono Celular Galaxy S24 FE, 256GB",409300.0,Samsung
"Teléfono Celular iPhone 16 Plus, 128GB",615100.0,Apple
"Teléfono Celular Galaxy S23+, 256GB",497900.0,Samsung
"Teléfono Celular iPhone 15 Pro, 512GB",942100.0,Apple
"Teléfono Celular X5b Plus, 256GB",67900.0,Honor
"Teléfono Celular Galaxy A24, 128GB",109900.0,Samsung
"Teléfono Celular iPhone 15, 256GB",543100.0,Apple
"Teléfono Celular Galaxy Z Flip 6, 256GB",659700.0,Samsung
"Teléfono Celular X6b Plus, 256 GB + Gratis Gift Card ¢5,000",89900.0,Honor
"Teléfono Celular Galaxy A16, 128GB",114700.0,Samsung
"Teléfono Celular 200 Pro, 512GB",399900.0,Honor
"Teléfono Celular Galaxy A15 LTE, 6GB/128GB",87400.0,Samsung
"Teléfono Celular iPhone 16, 256GB",619700.0,Apple
"Teléfono Celular Galaxy A06, 128GB",70900.0,Samsung
"Teléfono Celular Redmi Note 14 Pro 5G, 256GB + Gratis Gift Card ¢10,000",199900.0,Xiaomi
"Teléfono Celular X7c, 256GB",124300.0,Honor
